endpointId,displayName,description,matchedSchemaName,schemaPropertiesString,pricingText
bytedance/seedance-2.0/image-to-video,Seedance 2 Image to Video,"ByteDance's most advanced image-to-video model. Animate still images into cinematic video with synchronized audio, start and end frame control, and motion prompts.",Seedance20ImageToVideoInput,"{\n  ""seed"": {\n    ""description"": ""Random seed for reproducibility. Note that results may still vary slightly even with the same seed."",\n    ""anyOf"": [\n      {\n        ""type"": ""integer""\n      },\n      {\n        ""type"": ""null""\n      }\n    ],\n    ""title"": ""Seed""\n  },\n  ""generate_audio"": {\n    ""description"": ""Whether to generate synchronized audio for the video, including sound effects, ambient sounds, and lip-synced speech. The cost of video generation is the same regardless of whether audio is generated or not."",\n    ""title"": ""Generate Audio"",\n    ""type"": ""boolean"",\n    ""default"": true\n  },\n  ""prompt"": {\n    ""description"": ""The text prompt describing the desired motion and action for the video."",\n    ""examples"": [\n      ""An octopus finds a football in the ocean and excitedly calls its octopus friends to come and play. Cut scene to an octopus football game under the sea.""\n    ],\n    ""type"": ""string"",\n    ""title"": ""Prompt""\n  },\n  ""end_user_id"": {\n    ""description"": ""The unique user ID of the end user."",\n    ""anyOf"": [\n      {\n        ""type"": ""string""\n      },\n      {\n        ""type"": ""null""\n      }\n    ],\n    ""title"": ""End User Id""\n  },\n  ""duration"": {\n    ""description"": ""Duration of the video in seconds. Supports 4 to 15 seconds, or auto to let the model decide based on the prompt."",\n    ""title"": ""Duration"",\n    ""type"": ""string"",\n    ""enum"": [\n      ""auto"",\n      ""4"",\n      ""5"",\n      ""6"",\n      ""7"",\n      ""8"",\n      ""9"",\n      ""10"",\n      ""11"",\n      ""12"",\n      ""13"",\n      ""14"",\n      ""15""\n    ],\n    ""default"": ""auto""\n  },\n  ""end_image_url"": {\n    ""description"": ""The URL of the image to use as the last frame of the video. When provided, the generated video will transition from the starting image to this ending image. Supported formats: JPEG, PNG, WebP. Max 30 MB."",\n    ""anyOf"": [\n      {\n        ""type"": ""string""\n      },\n      {\n        ""type"": ""null""\n      }\n    ],\n    ""title"": ""End Image Url""\n  },\n  ""aspect_ratio"": {\n    ""description"": ""The aspect ratio of the generated video. Use 16:9 for landscape, 9:16 for portrait/vertical, 1:1 for square, 21:9 for ultrawide cinematic, or auto to infer from the input image."",\n    ""title"": ""Aspect Ratio"",\n    ""type"": ""string"",\n    ""enum"": [\n      ""auto"",\n      ""21:9"",\n      ""16:9"",\n      ""4:3"",\n      ""1:1"",\n      ""3:4"",\n      ""9:16""\n    ],\n    ""default"": ""auto""\n  },\n  ""image_url"": {\n    ""description"": ""The URL of the starting frame image to animate. Supported formats: JPEG, PNG, WebP. Max 30 MB."",\n    ""examples"": [\n      ""https://v3b.fal.media/files/b/0a8eba37/Cqg-4Uwzyz4DELfceT1CF_a17e588773ec45b1a9e6f100a787b80b.jpg""\n    ],\n    ""type"": ""string"",\n    ""title"": ""Image Url""\n  },\n  ""resolution"": {\n    ""description"": ""Video resolution - 480p for faster generation, 720p for balance, 1080p for highest quality."",\n    ""title"": ""Resolution"",\n    ""type"": ""string"",\n    ""enum"": [\n      ""480p"",\n      ""720p"",\n      ""1080p""\n    ],\n    ""default"": ""720p""\n  }\n}","For every second of 720p video you generated, you will be charged $0.3024/second. Your request will cost $0.014 per 1000 tokens. The number of tokens is given by (height of output video * width of output video * duration * 24) / 1024."
xai/grok-imagine-video/image-to-video,Grok Imagine Video,Generate videos from images with audio using xAI's Grok Imagine Video model. ,GrokImagineVideoImageToVideoInput,"{\n  ""resolution"": {\n    ""description"": ""Resolution of the output video."",\n    ""type"": ""string"",\n    ""title"": ""Resolution"",\n    ""enum"": [\n      ""480p"",\n      ""720p""\n    ],\n    ""default"": ""720p""\n  },\n  ""prompt"": {\n    ""description"": ""Text description of desired changes or motion in the video."",\n    ""type"": ""string"",\n    ""maxLength"": 4096,\n    ""title"": ""Prompt"",\n    ""examples"": [\n      ""Medieval knight in ornate armor walking through a mystical forest, bioluminescent plants pulsing with light, ancient stone ruins overgrown with glowing vines, over-the-shoulder camera, dark fantasy aesthetic, volumetric fog and Lumen lighting""\n    ]\n  },\n  ""aspect_ratio"": {\n    ""description"": ""Aspect ratio of the generated video."",\n    ""anyOf"": [\n      {\n        ""type"": ""string"",\n        ""enum"": [\n          ""auto"",\n          ""16:9"",\n          ""4:3"",\n          ""3:2"",\n          ""1:1"",\n          ""2:3"",\n          ""3:4"",\n          ""9:16""\n        ]\n      },\n      {\n        ""type"": ""null""\n      }\n    ],\n    ""title"": ""Aspect Ratio"",\n    ""default"": ""auto""\n  },\n  ""image_url"": {\n    ""description"": ""URL of the input image for video generation."",\n    ""type"": ""string"",\n    ""title"": ""Image URL"",\n    ""examples"": [\n      ""https://v3b.fal.media/files/b/0a8b90e0/BFLE9VDlZqsryU-UA3BoD_image_004.png""\n    ]\n  },\n  ""duration"": {\n    ""description"": ""Video duration in seconds."",\n    ""type"": ""integer"",\n    ""maximum"": 15,\n    ""minimum"": 1,\n    ""default"": 6,\n    ""title"": ""Duration""\n  }\n}","A 6s 480p video will cost $0.302 ($0.05 per second of 480p video + $0.002 for image input). At an output resolution of 480p, every second costs $0.05, and at 720p, every second costs $0.07."
bytedance/seedance-2.0/fast/image-to-video,Seedance 2.0 Fast Image to Video,"ByteDance's most advanced image-to-video model, fast tier. Lower latency and cost with synchronized audio, start and end frame control, and motion prompts.",Seedance20FastImageToVideoInput,"{\n  ""seed"": {\n    ""description"": ""Random seed for reproducibility. Note that results may still vary slightly even with the same seed."",\n    ""anyOf"": [\n      {\n        ""type"": ""integer""\n      },\n      {\n        ""type"": ""null""\n      }\n    ],\n    ""title"": ""Seed""\n  },\n  ""generate_audio"": {\n    ""description"": ""Whether to generate synchronized audio for the video, including sound effects, ambient sounds, and lip-synced speech. The cost of video generation is the same regardless of whether audio is generated or not."",\n    ""title"": ""Generate Audio"",\n    ""type"": ""boolean"",\n    ""default"": true\n  },\n  ""prompt"": {\n    ""description"": ""The text prompt describing the desired motion and action for the video."",\n    ""examples"": [\n      ""An octopus finds a football in the ocean and excitedly calls its octopus friends to come and play. Cut scene to an octopus football game under the sea.""\n    ],\n    ""type"": ""string"",\n    ""title"": ""Prompt""\n  },\n  ""end_user_id"": {\n    ""description"": ""The unique user ID of the end user."",\n    ""anyOf"": [\n      {\n        ""type"": ""string""\n      },\n      {\n        ""type"": ""null""\n      }\n    ],\n    ""title"": ""End User Id""\n  },\n  ""duration"": {\n    ""description"": ""Duration of the video in seconds. Supports 4 to 15 seconds, or auto to let the model decide based on the prompt."",\n    ""title"": ""Duration"",\n    ""type"": ""string"",\n    ""enum"": [\n      ""auto"",\n      ""4"",\n      ""5"",\n      ""6"",\n      ""7"",\n      ""8"",\n      ""9"",\n      ""10"",\n      ""11"",\n      ""12"",\n      ""13"",\n      ""14"",\n      ""15""\n    ],\n    ""default"": ""auto""\n  },\n  ""end_image_url"": {\n    ""description"": ""The URL of the image to use as the last frame of the video. When provided, the generated video will transition from the starting image to this ending image. Supported formats: JPEG, PNG, WebP. Max 30 MB."",\n    ""anyOf"": [\n      {\n        ""type"": ""string""\n      },\n      {\n        ""type"": ""null""\n      }\n    ],\n    ""title"": ""End Image Url""\n  },\n  ""aspect_ratio"": {\n    ""description"": ""The aspect ratio of the generated video. Use 16:9 for landscape, 9:16 for portrait/vertical, 1:1 for square, 21:9 for ultrawide cinematic, or auto to infer from the input image."",\n    ""title"": ""Aspect Ratio"",\n    ""type"": ""string"",\n    ""enum"": [\n      ""auto"",\n      ""21:9"",\n      ""16:9"",\n      ""4:3"",\n      ""1:1"",\n      ""3:4"",\n      ""9:16""\n    ],\n    ""default"": ""auto""\n  },\n  ""image_url"": {\n    ""description"": ""The URL of the starting frame image to animate. Supported formats: JPEG, PNG, WebP. Max 30 MB."",\n    ""examples"": [\n      ""https://v3b.fal.media/files/b/0a8eba37/Cqg-4Uwzyz4DELfceT1CF_a17e588773ec45b1a9e6f100a787b80b.jpg""\n    ],\n    ""type"": ""string"",\n    ""title"": ""Image Url""\n  },\n  ""resolution"": {\n    ""description"": ""Video resolution - 480p for faster generation, 720p for balance."",\n    ""title"": ""Resolution"",\n    ""type"": ""string"",\n    ""enum"": [\n      ""480p"",\n      ""720p""\n    ],\n    ""default"": ""720p""\n  }\n}","For every second of 720p video you generated, you will be charged $0.2419/second. Your request will cost $0.0112 per 1000 tokens. The number of tokens is given by (height of output video * width of output video * duration * 24) / 1024."
fal-ai/bytedance/seedance/v1.5/pro/image-to-video,Bytedance Seedance V1.5 Pro Image To Video,Generate videos with audio with Seedance 1.5 (supports start & end frame) ,BytedanceSeedanceV15ProImageToVideoInput,"{\n  ""aspect_ratio"": {\n    ""enum"": [\n      ""21:9"",\n      ""16:9"",\n      ""4:3"",\n      ""1:1"",\n      ""3:4"",\n      ""9:16"",\n      ""auto""\n    ],\n    ""description"": ""The aspect ratio of the generated video"",\n    ""title"": ""Aspect Ratio"",\n    ""type"": ""string"",\n    ""default"": ""16:9""\n  },\n  ""camera_fixed"": {\n    ""title"": ""Camera Fixed"",\n    ""description"": ""Whether to fix the camera position"",\n    ""type"": ""boolean"",\n    ""default"": false\n  },\n  ""end_image_url"": {\n    ""anyOf"": [\n      {\n        ""type"": ""string""\n      },\n      {\n        ""type"": ""null""\n      }\n    ],\n    ""description"": ""The URL of the image the video ends with. Defaults to None."",\n    ""title"": ""End Image Url""\n  },\n  ""seed"": {\n    ""anyOf"": [\n      {\n        ""type"": ""integer""\n      },\n      {\n        ""type"": ""null""\n      }\n    ],\n    ""description"": ""Random seed to control video generation. Use -1 for random."",\n    ""title"": ""Seed""\n  },\n  ""prompt"": {\n    ""title"": ""Prompt"",\n    ""description"": ""The text prompt used to generate the video"",\n    ""type"": ""string"",\n    ""examples"": [\n      ""A man is crying and he says \""I shouldn't have done it. I regret everything\""""\n    ]\n  },\n  ""duration"": {\n    ""enum"": [\n      ""4"",\n      ""5"",\n      ""6"",\n      ""7"",\n      ""8"",\n      ""9"",\n      ""10"",\n      ""11"",\n      ""12""\n    ],\n    ""description"": ""Duration of the video in seconds"",\n    ""title"": ""Duration"",\n    ""type"": ""string"",\n    ""default"": ""5""\n  },\n  ""image_url"": {\n    ""title"": ""Image Url"",\n    ""description"": ""The URL of the image used to generate video"",\n    ""type"": ""string"",\n    ""examples"": [\n      ""https://v3b.fal.media/files/b/0a8773cd/REzCWn1BKUVuMFTxR-R3W_image_317.png""\n    ]\n  },\n  ""resolution"": {\n    ""enum"": [\n      ""480p"",\n      ""720p"",\n      ""1080p""\n    ],\n    ""description"": ""Video resolution - 480p for faster generation, 720p for balance, 1080p for higher quality"",\n    ""title"": ""Resolution"",\n    ""type"": ""string"",\n    ""default"": ""720p""\n  },\n  ""enable_safety_checker"": {\n    ""examples"": [\n      true\n    ],\n    ""description"": ""If set to true, the safety checker will be enabled."",\n    ""title"": ""Enable Safety Checker"",\n    ""type"": ""boolean"",\n    ""default"": true\n  },\n  ""generate_audio"": {\n    ""title"": ""Generate Audio"",\n    ""description"": ""Whether to generate audio for the video"",\n    ""type"": ""boolean"",\n    ""default"": true\n  }\n}","Each 720p 5 second video with audio costs roughly $0.26. For other resolutions, 1 million video tokens with audio costs $2.4. Without audio, the price is 1.2 per millition tokens. tokens(video) = (height x width x FPS x duration) / 1024."
alibaba/happy-horse/image-to-video,Happy Horse,Alibaba's #1-ranked Happy Horse 1.0  generate 1080p video with synchronized native audio and multilingual lip-sync from text prompts or images.,HappyHorseImageToVideoInput,"{\n  ""image_url"": {\n    ""description"": ""URL of the first frame image. Formats: JPEG, JPG, PNG, BMP, WEBP. Dimensions must be at least 300px. Aspect ratio must be between 1:2.5 and 2.5:1. Max 10 MB."",\n    ""type"": ""string"",\n    ""examples"": [\n      ""https://help-static-aliyun-doc.aliyuncs.com/file-manage-files/zh-CN/20250925/wpimhv/rap.png""\n    ],\n    ""title"": ""Image Url""\n  },\n  ""seed"": {\n    ""description"": ""Random seed for reproducibility (0-2147483647)."",\n    ""title"": ""Seed"",\n    ""anyOf"": [\n      {\n        ""type"": ""integer""\n      },\n      {\n        ""type"": ""null""\n      }\n    ]\n  },\n  ""duration"": {\n    ""enum"": [\n      3,\n      4,\n      5,\n      6,\n      7,\n      8,\n      9,\n      10,\n      11,\n      12,\n      13,\n      14,\n      15\n    ],\n    ""description"": ""Output video duration in seconds (3-15)."",\n    ""type"": ""integer"",\n    ""examples"": [\n      5,\n      10,\n      15\n    ],\n    ""title"": ""Duration"",\n    ""default"": 5\n  },\n  ""prompt"": {\n    ""description"": ""Optional text prompt guiding the animation. Max 2500 characters."",\n    ""examples"": [\n      ""Bring the scene in the image to life.""\n    ],\n    ""anyOf"": [\n      {\n        ""type"": ""string""\n      },\n      {\n        ""type"": ""null""\n      }\n    ],\n    ""title"": ""Prompt""\n  },\n  ""enable_safety_checker"": {\n    ""description"": ""Enable content moderation for input and output."",\n    ""type"": ""boolean"",\n    ""title"": ""Enable Safety Checker"",\n    ""default"": true\n  },\n  ""resolution"": {\n    ""enum"": [\n      ""720p"",\n      ""1080p""\n    ],\n    ""description"": ""Output video resolution tier."",\n    ""type"": ""string"",\n    ""title"": ""Resolution"",\n    ""default"": ""1080p""\n  }\n}","For every second of 720p video you generated, you will be charged $0.14/second. For 1080p video you will be charged $0.28/second."
fal-ai/kling-video/o3/pro/image-to-video,Kling O3 Image to Video [Pro],"Generate a video by taking a start frame and an end frame, animating the transition between them while following text-driven style and scene guidance.",KlingVideoO3ProImageToVideoInput,"{\n  ""prompt"": {\n    ""title"": ""Prompt"",\n    ""description"": ""Text prompt for video generation. Either prompt or multi_prompt must be provided, but not both."",\n    ""anyOf"": [\n      {\n        ""type"": ""string"",\n        ""maxLength"": 2500\n      },\n      {\n        ""type"": ""null""\n      }\n    ],\n    ""examples"": [\n      ""The character walks forward slowly, with the camera following from behind.""\n    ]\n  },\n  ""generate_audio"": {\n    ""title"": ""Generate Audio"",\n    ""description"": ""Whether to generate native audio for the video."",\n    ""type"": ""boolean"",\n    ""default"": false\n  },\n  ""duration"": {\n    ""title"": ""Duration"",\n    ""examples"": [\n      ""10""\n    ],\n    ""enum"": [\n      ""3"",\n      ""4"",\n      ""5"",\n      ""6"",\n      ""7"",\n      ""8"",\n      ""9"",\n      ""10"",\n      ""11"",\n      ""12"",\n      ""13"",\n      ""14"",\n      ""15""\n    ],\n    ""type"": ""string"",\n    ""description"": ""Video duration in seconds (3-15s)."",\n    ""default"": ""5""\n  },\n  ""shot_type"": {\n    ""title"": ""Shot Type"",\n    ""description"": ""The type of multi-shot video generation. 'intelligent' lets the model automatically determine shot structure."",\n    ""enum"": [\n      ""customize"",\n      ""intelligent""\n    ],\n    ""type"": ""string"",\n    ""default"": ""customize""\n  },\n  ""multi_prompt"": {\n    ""title"": ""Multi Prompt"",\n    ""description"": ""List of prompts for multi-shot video generation."",\n    ""anyOf"": [\n      {\n        ""type"": ""array"",\n        ""items"": {\n          ""$ref"": ""#/components/schemas/KlingV3MultiPromptElement""\n        }\n      },\n      {\n        ""type"": ""null""\n      }\n    ],\n    ""examples"": [\n      null\n    ]\n  },\n  ""image_url"": {\n    ""description"": ""URL of the start frame image."",\n    ""limit_description"": ""Max file size: 10.0MB, Min width: 300px, Min height: 300px, Min aspect ratio: 0.40, Max aspect ratio: 2.50, Timeout: 20.0s"",\n    ""type"": ""string"",\n    ""title"": ""Image Url"",\n    ""_fal_ui_field"": ""image"",\n    ""x-fal"": {\n      ""min_width"": 300,\n      ""max_file_size"": 10485760,\n      ""timeout"": 20,\n      ""min_aspect_ratio"": 0.4,\n      ""min_height"": 300,\n      ""max_aspect_ratio"": 2.5\n    },\n    ""examples"": [\n      ""https://v3b.fal.media/files/b/0a8cfd5a/8ABMp4n9rh3kfD2Rq8fHd_start_frame.png""\n    ]\n  },\n  ""end_image_url"": {\n    ""title"": ""End Image Url"",\n    ""description"": ""URL of the end frame image (optional)."",\n    ""anyOf"": [\n      {\n        ""_fal_ui_field"": ""image"",\n        ""limit_description"": ""Max file size: 10.0MB, Min width: 300px, Min height: 300px, Min aspect ratio: 0.40, Max aspect ratio: 2.50, Timeout: 20.0s"",\n        ""ui"": {\n          ""field"": ""image""\n        },\n        ""x-fal"": {\n          ""min_width"": 300,\n          ""max_file_size"": 10485760,\n          ""timeout"": 20,\n          ""min_aspect_ratio"": 0.4,\n          ""min_height"": 300,\n          ""max_aspect_ratio"": 2.5\n        },\n        ""type"": ""string""\n      },\n      {\n        ""type"": ""null""\n      }\n    ],\n    ""examples"": [\n      ""https://v3b.fal.media/files/b/0a8d0248/S415GcxackjjLKom6f3jq_VTImWrNO.png""\n    ]\n  }\n}","For every second of video you generated, you will be charged $0.112 (audio off) or $0.14 (audio on). For example, a 5s video with audio on will cost $0.70"
fal-ai/kling-video/o3/standard/image-to-video,Kling O3 Image to Video [Pro],"Generate a video by taking a start frame and an end frame, animating the transition between them while following text-driven style and scene guidance.",KlingVideoO3StandardImageToVideoInput,"{\n  ""prompt"": {\n    ""title"": ""Prompt"",\n    ""description"": ""Text prompt for video generation. Either prompt or multi_prompt must be provided, but not both."",\n    ""anyOf"": [\n      {\n        ""type"": ""string"",\n        ""maxLength"": 2500\n      },\n      {\n        ""type"": ""null""\n      }\n    ],\n    ""examples"": [\n      ""The character walks forward slowly, with the camera following from behind.""\n    ]\n  },\n  ""generate_audio"": {\n    ""title"": ""Generate Audio"",\n    ""description"": ""Whether to generate native audio for the video."",\n    ""type"": ""boolean"",\n    ""default"": false\n  },\n  ""duration"": {\n    ""title"": ""Duration"",\n    ""examples"": [\n      ""10""\n    ],\n    ""enum"": [\n      ""3"",\n      ""4"",\n      ""5"",\n      ""6"",\n      ""7"",\n      ""8"",\n      ""9"",\n      ""10"",\n      ""11"",\n      ""12"",\n      ""13"",\n      ""14"",\n      ""15""\n    ],\n    ""type"": ""string"",\n    ""description"": ""Video duration in seconds (3-15s)."",\n    ""default"": ""5""\n  },\n  ""shot_type"": {\n    ""title"": ""Shot Type"",\n    ""description"": ""The type of multi-shot video generation. 'intelligent' lets the model automatically determine shot structure."",\n    ""enum"": [\n      ""customize"",\n      ""intelligent""\n    ],\n    ""type"": ""string"",\n    ""default"": ""customize""\n  },\n  ""multi_prompt"": {\n    ""title"": ""Multi Prompt"",\n    ""description"": ""List of prompts for multi-shot video generation."",\n    ""anyOf"": [\n      {\n        ""type"": ""array"",\n        ""items"": {\n          ""$ref"": ""#/components/schemas/KlingV3MultiPromptElement""\n        }\n      },\n      {\n        ""type"": ""null""\n      }\n    ],\n    ""examples"": [\n      null\n    ]\n  },\n  ""image_url"": {\n    ""description"": ""URL of the start frame image."",\n    ""limit_description"": ""Max file size: 10.0MB, Min width: 300px, Min height: 300px, Min aspect ratio: 0.40, Max aspect ratio: 2.50, Timeout: 20.0s"",\n    ""type"": ""string"",\n    ""title"": ""Image Url"",\n    ""_fal_ui_field"": ""image"",\n    ""x-fal"": {\n      ""min_width"": 300,\n      ""max_file_size"": 10485760,\n      ""timeout"": 20,\n      ""min_aspect_ratio"": 0.4,\n      ""min_height"": 300,\n      ""max_aspect_ratio"": 2.5\n    },\n    ""examples"": [\n      ""https://v3b.fal.media/files/b/0a8cfd5a/8ABMp4n9rh3kfD2Rq8fHd_start_frame.png""\n    ]\n  },\n  ""end_image_url"": {\n    ""title"": ""End Image Url"",\n    ""description"": ""URL of the end frame image (optional)."",\n    ""anyOf"": [\n      {\n        ""_fal_ui_field"": ""image"",\n        ""limit_description"": ""Max file size: 10.0MB, Min width: 300px, Min height: 300px, Min aspect ratio: 0.40, Max aspect ratio: 2.50, Timeout: 20.0s"",\n        ""ui"": {\n          ""field"": ""image""\n        },\n        ""x-fal"": {\n          ""min_width"": 300,\n          ""max_file_size"": 10485760,\n          ""timeout"": 20,\n          ""min_aspect_ratio"": 0.4,\n          ""min_height"": 300,\n          ""max_aspect_ratio"": 2.5\n        },\n        ""type"": ""string""\n      },\n      {\n        ""type"": ""null""\n      }\n    ],\n    ""examples"": [\n      ""https://v3b.fal.media/files/b/0a8d0248/S415GcxackjjLKom6f3jq_VTImWrNO.png""\n    ]\n  }\n}","For every second of video you generated, you will be charged $0.084 (audio off) or $0.112 (audio on). For example, a 5s video with audio on will cost $0.56."
fal-ai/wan/v2.7/image-to-video,Wan,"Wan 2.7 is the latest generation AI video model, delivering enhanced motion smoothness, superior scene fidelity, and greater visual coherence.",WanV27ImageToVideoInput,"{\n  ""enable_safety_checker"": {\n    ""type"": ""boolean"",\n    ""default"": true,\n    ""description"": ""Enable content moderation for input and output."",\n    ""title"": ""Enable Safety Checker""\n  },\n  ""enable_prompt_expansion"": {\n    ""type"": ""boolean"",\n    ""default"": true,\n    ""description"": ""Enable intelligent prompt rewriting."",\n    ""title"": ""Enable Prompt Expansion""\n  },\n  ""image_url"": {\n    ""title"": ""Image Url"",\n    ""anyOf"": [\n      {\n        ""ui"": {\n          ""field"": ""image""\n        },\n        ""type"": ""string""\n      },\n      {\n        ""type"": ""null""\n      }\n    ],\n    ""description"": ""URL of the first frame image. Formats: JPEG, JPG, PNG, BMP, WEBP. Max 20 MB."",\n    ""examples"": [\n      ""https://v3b.fal.media/files/b/0a9413bb/qH6QY4JRzWxHOFKtCe70S_uPDJyzKZ.png""\n    ]\n  },\n  ""prompt"": {\n    ""title"": ""Prompt"",\n    ""anyOf"": [\n      {\n        ""type"": ""string""\n      },\n      {\n        ""type"": ""null""\n      }\n    ],\n    ""description"": ""Text prompt describing the desired video. Max 5000 characters."",\n    ""examples"": [\n      ""The massive humpback whale glides slowly through the deep blue water. It turns gracefully, its huge pectoral fin sweeping through the water like a wing. Sunbeams penetrate from above, illuminating the whale's textured skin. Small fish scatter. Awe-inspiring scale and grace.""\n    ]\n  },\n  ""seed"": {\n    ""title"": ""Seed"",\n    ""anyOf"": [\n      {\n        ""type"": ""integer""\n      },\n      {\n        ""type"": ""null""\n      }\n    ],\n    ""description"": ""Random seed for reproducibility (0-2147483647).""\n  },\n  ""resolution"": {\n    ""type"": ""string"",\n    ""default"": ""1080p"",\n    ""description"": ""Output video resolution tier."",\n    ""title"": ""Resolution"",\n    ""enum"": [\n      ""720p"",\n      ""1080p""\n    ]\n  },\n  ""end_image_url"": {\n    ""title"": ""End Image Url"",\n    ""anyOf"": [\n      {\n        ""ui"": {\n          ""field"": ""image""\n        },\n        ""type"": ""string""\n      },\n      {\n        ""type"": ""null""\n      }\n    ],\n    ""description"": ""URL of the last frame image for first-and-last-frame-to-video. Same constraints as image_url.""\n  },\n  ""negative_prompt"": {\n    ""title"": ""Negative Prompt"",\n    ""anyOf"": [\n      {\n        ""type"": ""string""\n      },\n      {\n        ""type"": ""null""\n      }\n    ],\n    ""description"": ""Content to avoid in the video. Max 500 characters."",\n    ""examples"": [\n      ""low resolution, errors, worst quality, low quality, incomplete, extra fingers, bad proportions, blurry, distorted""\n    ]\n  },\n  ""duration"": {\n    ""title"": ""Duration"",\n    ""type"": ""integer"",\n    ""default"": 5,\n    ""description"": ""Output video duration in seconds (2-15)."",\n    ""examples"": [\n      5,\n      10,\n      15\n    ],\n    ""enum"": [\n      2,\n      3,\n      4,\n      5,\n      6,\n      7,\n      8,\n      9,\n      10,\n      11,\n      12,\n      13,\n      14,\n      15\n    ]\n  },\n  ""audio_url"": {\n    ""title"": ""Audio Url"",\n    ""anyOf"": [\n      {\n        ""ui"": {\n          ""field"": ""audio""\n        },\n        ""type"": ""string""\n      },\n      {\n        ""type"": ""null""\n      }\n    ],\n    ""description"": ""URL of driving audio. Supports WAV and MP3. Duration: 2-30s. Max 15 MB.""\n  },\n  ""video_url"": {\n    ""title"": ""Video Url"",\n    ""anyOf"": [\n      {\n        ""ui"": {\n          ""field"": ""video""\n        },\n        ""x-fal"": {\n          ""min_duration"": 2,\n          ""max_file_size"": 104857600,\n          ""max_duration"": 10,\n          ""timeout"": 30\n        },\n        ""type"": ""string"",\n        ""limit_description"": ""Max file size: 100.0MB, Min duration: 2s, Max duration: 10s, Timeout: 30.0s""\n      },\n      {\n        ""type"": ""null""\n      }\n    ],\n    ""description"": ""URL of a video clip to continue from. Format: MP4, MOV. Duration: 2-10s. Max 100 MB. Cannot be combined with image_url.""\n  }\n}",Waiting for your input...\nYour request will cost $0.1 per second for 720p resolution. For 1080p your request will cost $0.15 per second.
fal-ai/pixverse/v6/image-to-video,PixVerse V6 Image To Video,Pixverse's latest V6 Model,PixverseV6ImageToVideoInput,"{\n  ""prompt"": {\n    ""title"": ""Prompt"",\n    ""examples"": [\n      ""A woman warrior with her hammer walking with his glacier wolf.""\n    ],\n    ""type"": ""string""\n  },\n  ""style"": {\n    ""title"": ""Style"",\n    ""anyOf"": [\n      {\n        ""enum"": [\n          ""anime"",\n          ""3d_animation"",\n          ""clay"",\n          ""comic"",\n          ""cyberpunk""\n        ],\n        ""type"": ""string""\n      },\n      {\n        ""type"": ""null""\n      }\n    ],\n    ""description"": ""The style of the generated video""\n  },\n  ""thinking_type"": {\n    ""title"": ""Thinking Type"",\n    ""anyOf"": [\n      {\n        ""enum"": [\n          ""enabled"",\n          ""disabled"",\n          ""auto""\n        ],\n        ""type"": ""string""\n      },\n      {\n        ""type"": ""null""\n      }\n    ],\n    ""description"": ""Prompt optimization mode: 'enabled' to optimize, 'disabled' to turn off, 'auto' for model decision""\n  },\n  ""negative_prompt"": {\n    ""default"": """",\n    ""title"": ""Negative Prompt"",\n    ""description"": ""Negative prompt to be used for the generation"",\n    ""examples"": [\n      ""blurry, low quality, low resolution, pixelated, noisy, grainy, out of focus, poorly lit, poorly exposed, poorly composed, poorly framed, poorly cropped, poorly color corrected, poorly color graded""\n    ],\n    ""type"": ""string""\n  },\n  ""seed"": {\n    ""title"": ""Seed"",\n    ""anyOf"": [\n      {\n        ""type"": ""integer""\n      },\n      {\n        ""type"": ""null""\n      }\n    ],\n    ""description"": ""\n            The same seed and the same prompt given to the same version of the model\n            will output the same video every time.\n        ""\n  },\n  ""generate_audio_switch"": {\n    ""default"": false,\n    ""type"": ""boolean"",\n    ""title"": ""Generate Audio Switch"",\n    ""description"": ""Enable audio generation (BGM, SFX, dialogue)""\n  },\n  ""image_url"": {\n    ""title"": ""Image Url"",\n    ""description"": ""URL of the image to use as the first frame"",\n    ""examples"": [\n      ""https://v3.fal.media/files/zebra/qL93Je8ezvzQgDOEzTjKF_KhGKZTEebZcDw6T5rwQPK_output.png""\n    ],\n    ""type"": ""string""\n  },\n  ""resolution"": {\n    ""default"": ""720p"",\n    ""title"": ""Resolution"",\n    ""description"": ""The resolution of the generated video"",\n    ""enum"": [\n      ""360p"",\n      ""540p"",\n      ""720p"",\n      ""1080p""\n    ],\n    ""type"": ""string""\n  },\n  ""duration"": {\n    ""default"": 5,\n    ""minimum"": 1,\n    ""title"": ""Duration"",\n    ""maximum"": 15,\n    ""description"": ""The duration of the generated video in seconds. v6 supports values from 1 to 15 seconds"",\n    ""type"": ""integer""\n  },\n  ""generate_multi_clip_switch"": {\n    ""default"": false,\n    ""type"": ""boolean"",\n    ""title"": ""Generate Multi Clip Switch"",\n    ""description"": ""Enable multi-clip generation with dynamic camera changes""\n  }\n}","Billing is calculated per second of video generated. For 360p, your request will cost $0.025 per second without audio and $0.035 per second with audio. For 540p, it will cost $0.035 per second without audio and $0.045 per second with audio. For 720p, it will cost $0.045 per second without audio and $0.060 per second with audio. For 1080p, it will cost $0.090 per second without audio and $0.115 per second with audio. For $1 you can run this model for approximately 40 seconds at 360p (no audio) or about 11 seconds at 1080p (no audio)."
fal-ai/bytedance/seedance/v1/pro/fast/image-to-video,Bytedance Seedance V1 Pro Fast Image To Video,"Image to Video endpoint for Seedance 1.0 Pro Fast, a next-generation video model designed to deliver maximum performance at minimal cost",BytedanceSeedanceV1ProFastImageToVideoInput,"{\n  ""aspect_ratio"": {\n    ""enum"": [\n      ""21:9"",\n      ""16:9"",\n      ""4:3"",\n      ""1:1"",\n      ""3:4"",\n      ""9:16"",\n      ""auto""\n    ],\n    ""description"": ""The aspect ratio of the generated video"",\n    ""title"": ""Aspect Ratio"",\n    ""type"": ""string"",\n    ""default"": ""auto""\n  },\n  ""camera_fixed"": {\n    ""title"": ""Camera Fixed"",\n    ""description"": ""Whether to fix the camera position"",\n    ""type"": ""boolean"",\n    ""default"": false\n  },\n  ""seed"": {\n    ""anyOf"": [\n      {\n        ""type"": ""integer""\n      },\n      {\n        ""type"": ""null""\n      }\n    ],\n    ""description"": ""Random seed to control video generation. Use -1 for random."",\n    ""title"": ""Seed""\n  },\n  ""prompt"": {\n    ""title"": ""Prompt"",\n    ""description"": ""The text prompt used to generate the video"",\n    ""type"": ""string"",\n    ""examples"": [\n      ""Bathed in a stark spotlight, a lone ballet dancer takes center stage. Her movements, precise and graceful, tell a story of passion and dedication against the velvet darkness. The scene evokes a sense of intimacy, highlighting the raw emotion and artistry of her performance.""\n    ]\n  },\n  ""duration"": {\n    ""enum"": [\n      ""2"",\n      ""3"",\n      ""4"",\n      ""5"",\n      ""6"",\n      ""7"",\n      ""8"",\n      ""9"",\n      ""10"",\n      ""11"",\n      ""12""\n    ],\n    ""description"": ""Duration of the video in seconds"",\n    ""title"": ""Duration"",\n    ""type"": ""string"",\n    ""default"": ""5""\n  },\n  ""image_url"": {\n    ""title"": ""Image Url"",\n    ""description"": ""The URL of the image used to generate video"",\n    ""type"": ""string"",\n    ""examples"": [\n      ""https://storage.googleapis.com/falserverless/example_inputs/seedance_fast_i2v_input.png""\n    ]\n  },\n  ""resolution"": {\n    ""enum"": [\n      ""480p"",\n      ""720p"",\n      ""1080p""\n    ],\n    ""description"": ""Video resolution - 480p for faster generation, 720p for balance, 1080p for higher quality"",\n    ""title"": ""Resolution"",\n    ""type"": ""string"",\n    ""default"": ""1080p""\n  },\n  ""num_frames"": {\n    ""anyOf"": [\n      {\n        ""maximum"": 289,\n        ""type"": ""integer"",\n        ""minimum"": 29\n      },\n      {\n        ""type"": ""null""\n      }\n    ],\n    ""description"": ""The number of frames to generate. If provided, will override duration."",\n    ""title"": ""Num Frames""\n  },\n  ""enable_safety_checker"": {\n    ""examples"": [\n      true\n    ],\n    ""description"": ""If set to true, the safety checker will be enabled."",\n    ""title"": ""Enable Safety Checker"",\n    ""type"": ""boolean"",\n    ""default"": true\n  }\n}","Each 1080p 5 second video costs roughly $0.243. For other resolutions, 1 million video tokens costs $1.0. tokens(video) = (height x width x FPS x duration) / 1024."
fal-ai/vidu/q3/image-to-video,Vidu,Vidu's latest Q3 pro models.,ViduQ3ImageToVideoInput,"{\n  ""end_image_url"": {\n    ""title"": ""End Image Url"",\n    ""description"": ""URL of the image to use as the ending frame. When provided, generates a transition video between start and end frames."",\n    ""anyOf"": [\n      {\n        ""type"": ""string""\n      },\n      {\n        ""type"": ""null""\n      }\n    ]\n  },\n  ""duration"": {\n    ""title"": ""Duration"",\n    ""maximum"": 16,\n    ""default"": 5,\n    ""minimum"": 1,\n    ""description"": ""Duration of the video in seconds (1-16 for Q3 models)"",\n    ""type"": ""integer""\n  },\n  ""resolution"": {\n    ""title"": ""Resolution"",\n    ""description"": ""Output video resolution. Note: 360p is not available when end_image_url is provided."",\n    ""default"": ""720p"",\n    ""enum"": [\n      ""360p"",\n      ""540p"",\n      ""720p"",\n      ""1080p""\n    ],\n    ""type"": ""string""\n  },\n  ""image_url"": {\n    ""title"": ""Image Url"",\n    ""description"": ""URL or base64 image to use as the starting frame"",\n    ""examples"": [\n      ""https://prod-ss-images.s3.cn-northwest-1.amazonaws.com.cn/vidu-maas/template/image2video.png""\n    ],\n    ""type"": ""string""\n  },\n  ""prompt"": {\n    ""title"": ""Prompt"",\n    ""maxLength"": 2000,\n    ""default"": """",\n    ""examples"": [\n      ""The astronaut waved and the camera moved up.""\n    ],\n    ""type"": ""string"",\n    ""description"": ""Text prompt for video generation, max 2000 characters""\n  },\n  ""audio"": {\n    ""title"": ""Audio"",\n    ""description"": ""Whether to use direct audio-video generation. When true, outputs video with sound (including dialogue and sound effects)."",\n    ""default"": true,\n    ""type"": ""boolean""\n  },\n  ""seed"": {\n    ""title"": ""Seed"",\n    ""description"": ""Random seed for reproducibility. If None, a random seed is chosen."",\n    ""anyOf"": [\n      {\n        ""type"": ""integer""\n      },\n      {\n        ""type"": ""null""\n      }\n    ]\n  }\n}","Your request will cost 0.07 $ per video second for 360p and 540 p, cost will be 2.2x for 720p and 1080p resolution."
fal-ai/kling-video/o3/4k/image-to-video,Kling Video,"Kling's Native 4K is a video generation model that directly outputs professional-grade 4K video in one step, eliminating the need for post-production upscaling",KlingVideoO34kImageToVideoInput,"{\n  ""prompt"": {\n    ""title"": ""Prompt"",\n    ""description"": ""Text prompt for video generation. Either prompt or multi_prompt must be provided, but not both."",\n    ""anyOf"": [\n      {\n        ""type"": ""string"",\n        ""maxLength"": 2500\n      },\n      {\n        ""type"": ""null""\n      }\n    ],\n    ""examples"": [\n      ""The character walks forward slowly, with the camera following from behind.""\n    ]\n  },\n  ""generate_audio"": {\n    ""title"": ""Generate Audio"",\n    ""description"": ""Whether to generate native audio for the video."",\n    ""type"": ""boolean"",\n    ""default"": false\n  },\n  ""duration"": {\n    ""title"": ""Duration"",\n    ""examples"": [\n      ""10""\n    ],\n    ""enum"": [\n      ""3"",\n      ""4"",\n      ""5"",\n      ""6"",\n      ""7"",\n      ""8"",\n      ""9"",\n      ""10"",\n      ""11"",\n      ""12"",\n      ""13"",\n      ""14"",\n      ""15""\n    ],\n    ""type"": ""string"",\n    ""description"": ""Video duration in seconds (3-15s)."",\n    ""default"": ""5""\n  },\n  ""shot_type"": {\n    ""title"": ""Shot Type"",\n    ""description"": ""The type of multi-shot video generation. 'intelligent' lets the model automatically determine shot structure."",\n    ""enum"": [\n      ""customize"",\n      ""intelligent""\n    ],\n    ""type"": ""string"",\n    ""default"": ""customize""\n  },\n  ""multi_prompt"": {\n    ""title"": ""Multi Prompt"",\n    ""description"": ""List of prompts for multi-shot video generation."",\n    ""anyOf"": [\n      {\n        ""type"": ""array"",\n        ""items"": {\n          ""$ref"": ""#/components/schemas/KlingV3MultiPromptElement""\n        }\n      },\n      {\n        ""type"": ""null""\n      }\n    ],\n    ""examples"": [\n      null\n    ]\n  },\n  ""image_url"": {\n    ""description"": ""URL of the start frame image."",\n    ""limit_description"": ""Max file size: 10.0MB, Min width: 300px, Min height: 300px, Min aspect ratio: 0.40, Max aspect ratio: 2.50, Timeout: 20.0s"",\n    ""type"": ""string"",\n    ""title"": ""Image Url"",\n    ""_fal_ui_field"": ""image"",\n    ""x-fal"": {\n      ""min_width"": 300,\n      ""max_file_size"": 10485760,\n      ""timeout"": 20,\n      ""min_aspect_ratio"": 0.4,\n      ""min_height"": 300,\n      ""max_aspect_ratio"": 2.5\n    },\n    ""examples"": [\n      ""https://v3b.fal.media/files/b/0a8cfd5a/8ABMp4n9rh3kfD2Rq8fHd_start_frame.png""\n    ]\n  },\n  ""end_image_url"": {\n    ""title"": ""End Image Url"",\n    ""description"": ""URL of the end frame image (optional)."",\n    ""anyOf"": [\n      {\n        ""_fal_ui_field"": ""image"",\n        ""limit_description"": ""Max file size: 10.0MB, Min width: 300px, Min height: 300px, Min aspect ratio: 0.40, Max aspect ratio: 2.50, Timeout: 20.0s"",\n        ""ui"": {\n          ""field"": ""image""\n        },\n        ""x-fal"": {\n          ""min_width"": 300,\n          ""max_file_size"": 10485760,\n          ""timeout"": 20,\n          ""min_aspect_ratio"": 0.4,\n          ""min_height"": 300,\n          ""max_aspect_ratio"": 2.5\n        },\n        ""type"": ""string""\n      },\n      {\n        ""type"": ""null""\n      }\n    ],\n    ""examples"": [\n      ""https://v3b.fal.media/files/b/0a8d0248/S415GcxackjjLKom6f3jq_VTImWrNO.png""\n    ]\n  }\n}","For every second of video you generated, you will be charged $0.42 regardless of whether audio is on or off. For example, a 5s video will cost $2.10."
fal-ai/vidu/q3/image-to-video/turbo,Vidu,Vidu's Q3 Turbo Model,ViduQ3ImageToVideoTurboInput,"{\n  ""end_image_url"": {\n    ""title"": ""End Image Url"",\n    ""description"": ""URL of the image to use as the ending frame. When provided, generates a transition video between start and end frames."",\n    ""anyOf"": [\n      {\n        ""type"": ""string""\n      },\n      {\n        ""type"": ""null""\n      }\n    ]\n  },\n  ""duration"": {\n    ""title"": ""Duration"",\n    ""maximum"": 16,\n    ""default"": 5,\n    ""minimum"": 1,\n    ""description"": ""Duration of the video in seconds (1-16 for Q3 models)"",\n    ""type"": ""integer""\n  },\n  ""resolution"": {\n    ""title"": ""Resolution"",\n    ""description"": ""Output video resolution. Note: 360p is not available when end_image_url is provided."",\n    ""default"": ""720p"",\n    ""enum"": [\n      ""360p"",\n      ""540p"",\n      ""720p"",\n      ""1080p""\n    ],\n    ""type"": ""string""\n  },\n  ""image_url"": {\n    ""title"": ""Image Url"",\n    ""description"": ""URL or base64 image to use as the starting frame"",\n    ""examples"": [\n      ""https://prod-ss-images.s3.cn-northwest-1.amazonaws.com.cn/vidu-maas/template/image2video.png""\n    ],\n    ""type"": ""string""\n  },\n  ""prompt"": {\n    ""title"": ""Prompt"",\n    ""maxLength"": 2000,\n    ""default"": """",\n    ""examples"": [\n      ""The astronaut waved and the camera moved up.""\n    ],\n    ""type"": ""string"",\n    ""description"": ""Text prompt for video generation, max 2000 characters""\n  },\n  ""audio"": {\n    ""title"": ""Audio"",\n    ""description"": ""Whether to use direct audio-video generation. When true, outputs video with sound (including dialogue and sound effects)."",\n    ""default"": true,\n    ""type"": ""boolean""\n  },\n  ""seed"": {\n    ""title"": ""Seed"",\n    ""description"": ""Random seed for reproducibility. If None, a random seed is chosen."",\n    ""anyOf"": [\n      {\n        ""type"": ""integer""\n      },\n      {\n        ""type"": ""null""\n      }\n    ]\n  }\n}","Your request will cost 0.035 $ per video second for 360p and 540 p, cost will be 2.2x for 720p and 1080p resolution."
fal-ai/pixverse/c1/image-to-video,PixVerse C1 Image To Video,"Animate images into cinematic videos with PixVerse C1, supporting 1080p resolution and native audio generation.",PixverseC1ImageToVideoInput,"{\n  ""seed"": {\n    ""title"": ""Seed"",\n    ""anyOf"": [\n      {\n        ""type"": ""integer""\n      },\n      {\n        ""type"": ""null""\n      }\n    ],\n    ""description"": ""\n            The same seed and the same prompt given to the same version of the model\n            will output the same video every time.\n        ""\n  },\n  ""generate_audio_switch"": {\n    ""default"": false,\n    ""type"": ""boolean"",\n    ""title"": ""Generate Audio Switch"",\n    ""description"": ""Enable audio generation (BGM, SFX, dialogue)""\n  },\n  ""prompt"": {\n    ""title"": ""Prompt"",\n    ""examples"": [\n      ""A woman warrior with her hammer walking with his glacier wolf.""\n    ],\n    ""type"": ""string""\n  },\n  ""resolution"": {\n    ""default"": ""720p"",\n    ""title"": ""Resolution"",\n    ""description"": ""The resolution of the generated video"",\n    ""enum"": [\n      ""360p"",\n      ""540p"",\n      ""720p"",\n      ""1080p""\n    ],\n    ""type"": ""string""\n  },\n  ""image_url"": {\n    ""title"": ""Image Url"",\n    ""description"": ""URL of the image to use as the first frame"",\n    ""examples"": [\n      ""https://v3.fal.media/files/zebra/qL93Je8ezvzQgDOEzTjKF_KhGKZTEebZcDw6T5rwQPK_output.png""\n    ],\n    ""type"": ""string""\n  },\n  ""duration"": {\n    ""default"": 5,\n    ""minimum"": 1,\n    ""title"": ""Duration"",\n    ""maximum"": 15,\n    ""description"": ""The duration of the generated video in seconds (1-15)"",\n    ""type"": ""integer""\n  }\n}","Waiting for your input...\nBilling is calculated per second of video generated. For 360p, your request will cost $0.030 per second without audio and $0.040 per second with audio. For 540p, it will cost $0.040 per second without audio and $0.050 per second with audio. For 720p, it will cost $0.050 per second without audio and $0.065 per second with audio. For 1080p, it will cost $0.095 per second without audio and $0.120 per second with audio. For $1 you can run this model for approximately 33 seconds at 360p (no audio) or about 10 seconds at 1080p (no audio)."
fal-ai/ltx-video-13b-distilled/image-to-video,LTX Video-0.9.7 13B Distilled,Generate videos from prompts and images using LTX Video-0.9.7 13B Distilled and custom LoRA,LtxVideo13bDistilledImageToVideoInput,"{\n  ""reverse_video"": {\n    ""description"": ""Whether to reverse the video."",\n    ""title"": ""Reverse Video"",\n    ""type"": ""boolean"",\n    ""default"": false,\n    ""examples"": [\n      false\n    ]\n  },\n  ""temporal_adain_factor"": {\n    ""type"": ""number"",\n    ""default"": 0.5,\n    ""description"": ""The factor for adaptive instance normalization (AdaIN) applied to generated video chunks after the first. This can help deal with a gradual increase in saturation/contrast in the generated video by normalizing the color distribution across the video. A high value will ensure the color distribution is more consistent across the video, while a low value will allow for more variation in color distribution."",\n    ""multipleOf"": 0.05,\n    ""maximum"": 1,\n    ""title"": ""Temporal AdaIN Factor"",\n    ""minimum"": 0,\n    ""examples"": [\n      0.5\n    ]\n  },\n  ""frame_rate"": {\n    ""description"": ""The frame rate of the video."",\n    ""maximum"": 60,\n    ""title"": ""Frame Rate"",\n    ""minimum"": 1,\n    ""default"": 24,\n    ""type"": ""integer"",\n    ""examples"": [\n      24\n    ]\n  },\n  ""expand_prompt"": {\n    ""description"": ""Whether to expand the prompt using a language model."",\n    ""title"": ""Expand Prompt"",\n    ""type"": ""boolean"",\n    ""default"": false,\n    ""examples"": [\n      false\n    ]\n  },\n  ""first_pass_num_inference_steps"": {\n    ""description"": ""Number of inference steps during the first pass."",\n    ""maximum"": 12,\n    ""title"": ""Number of Inference Steps"",\n    ""minimum"": 2,\n    ""default"": 8,\n    ""type"": ""integer"",\n    ""examples"": [\n      8\n    ]\n  },\n  ""second_pass_skip_initial_steps"": {\n    ""description"": ""The number of inference steps to skip in the initial steps of the second pass. By skipping some steps at the beginning, the second pass can focus on smaller details instead of larger changes."",\n    ""maximum"": 11,\n    ""title"": ""Second Pass Skip Initial Steps"",\n    ""minimum"": 1,\n    ""default"": 5,\n    ""type"": ""integer"",\n    ""examples"": [\n      5\n    ]\n  },\n  ""negative_prompt"": {\n    ""title"": ""Negative Prompt"",\n    ""type"": ""string"",\n    ""default"": ""worst quality, inconsistent motion, blurry, jittery, distorted"",\n    ""description"": ""Negative prompt for generation""\n  },\n  ""tone_map_compression_ratio"": {\n    ""type"": ""number"",\n    ""default"": 0,\n    ""description"": ""The compression ratio for tone mapping. This is used to compress the dynamic range of the video to improve visual quality. A value of 0.0 means no compression, while a value of 1.0 means maximum compression."",\n    ""multipleOf"": 0.05,\n    ""maximum"": 1,\n    ""title"": ""Tone Map Compression Ratio"",\n    ""minimum"": 0,\n    ""examples"": [\n      0\n    ]\n  },\n  ""num_frames"": {\n    ""description"": ""The number of frames in the video."",\n    ""maximum"": 1441,\n    ""title"": ""Number of Frames"",\n    ""minimum"": 9,\n    ""default"": 121,\n    ""type"": ""integer"",\n    ""examples"": [\n      121\n    ]\n  },\n  ""resolution"": {\n    ""description"": ""Resolution of the generated video."",\n    ""enum"": [\n      ""480p"",\n      ""720p""\n    ],\n    ""type"": ""string"",\n    ""title"": ""Resolution"",\n    ""default"": ""720p"",\n    ""examples"": [\n      ""720p""\n    ]\n  },\n  ""second_pass_num_inference_steps"": {\n    ""description"": ""Number of inference steps during the second pass."",\n    ""maximum"": 12,\n    ""title"": ""Second Pass Number of Inference Steps"",\n    ""minimum"": 2,\n    ""default"": 8,\n    ""type"": ""integer"",\n    ""examples"": [\n      8\n    ]\n  },\n  ""enable_detail_pass"": {\n    ""description"": ""Whether to use a detail pass. If True, the model will perform a second pass to refine the video and enhance details. This incurs a 2.0x cost multiplier on the base price."",\n    ""title"": ""Enable Detail Pass"",\n    ""type"": ""boolean"",\n    ""default"": false,\n    ""examples"": [\n      false\n    ]\n  },\n  ""aspect_ratio"": {\n    ""description"": ""The aspect ratio of the video."",\n    ""enum"": [\n      ""9:16"",\n      ""1:1"",\n      ""16:9"",\n      ""auto""\n    ],\n    ""type"": ""string"",\n    ""title"": ""Aspect Ratio"",\n    ""default"": ""auto"",\n    ""examples"": [\n      ""auto""\n    ]\n  },\n  ""seed"": {\n    ""title"": ""Seed"",\n    ""anyOf"": [\n      {\n        ""type"": ""integer""\n      },\n      {\n        ""type"": ""null""\n      }\n    ],\n    ""description"": ""Random seed for generation""\n  },\n  ""loras"": {\n    ""title"": ""Loras"",\n    ""type"": ""array"",\n    ""items"": {\n      ""$ref"": ""#/components/schemas/LoRAWeight""\n    },\n    ""default"": [],\n    ""description"": ""LoRA weights to use for generation""\n  },\n  ""constant_rate_factor"": {\n    ""description"": ""The constant rate factor (CRF) to compress input media with. Compressed input media more closely matches the model's training data, which can improve motion quality."",\n    ""maximum"": 51,\n    ""title"": ""Constant Rate Factor"",\n    ""minimum"": 0,\n    ""default"": 29,\n    ""type"": ""integer"",\n    ""examples"": [\n      29\n    ]\n  },\n  ""enable_safety_checker"": {\n    ""description"": ""Whether to enable the safety checker."",\n    ""title"": ""Enable Safety Checker"",\n    ""type"": ""boolean"",\n    ""default"": true,\n    ""examples"": [\n      true\n    ]\n  },\n  ""prompt"": {\n    ""description"": ""Text prompt to guide generation"",\n    ""title"": ""Prompt"",\n    ""type"": ""string"",\n    ""examples"": [\n      ""The astronaut gets up and walks away""\n    ]\n  },\n  ""image_url"": {\n    ""description"": ""Image URL for Image-to-Video task"",\n    ""title"": ""Image URL"",\n    ""type"": ""string"",\n    ""examples"": [\n      ""https://storage.googleapis.com/falserverless/example_inputs/ltxv-image-input.jpg""\n    ]\n  }\n}",Your request will cost $0.04 per video. For $1 you can run this model approximately 25 times.
fal-ai/ltxv-13b-098-distilled/image-to-video,LTX-Video 13B 0.9.8 Distilled,Generate long videos from prompts and images using LTX Video-0.9.8 13B Distilled and custom LoRA,Ltxv13b098DistilledImageToVideoInput,"{\n  ""negative_prompt"": {\n    ""default"": ""worst quality, inconsistent motion, blurry, jittery, distorted"",\n    ""type"": ""string"",\n    ""description"": ""Negative prompt for generation"",\n    ""title"": ""Negative Prompt""\n  },\n  ""loras"": {\n    ""default"": [],\n    ""type"": ""array"",\n    ""items"": {\n      ""$ref"": ""#/components/schemas/LoRAWeight""\n    },\n    ""description"": ""LoRA weights to use for generation"",\n    ""title"": ""Loras""\n  },\n  ""prompt"": {\n    ""type"": ""string"",\n    ""description"": ""Text prompt to guide generation"",\n    ""examples"": [\n      ""The astronaut gets up and walks away""\n    ],\n    ""title"": ""Prompt""\n  },\n  ""resolution"": {\n    ""default"": ""720p"",\n    ""type"": ""string"",\n    ""enum"": [\n      ""480p"",\n      ""720p""\n    ],\n    ""description"": ""Resolution of the generated video."",\n    ""examples"": [\n      ""720p""\n    ],\n    ""title"": ""Resolution""\n  },\n  ""expand_prompt"": {\n    ""default"": false,\n    ""type"": ""boolean"",\n    ""description"": ""Whether to expand the prompt using a language model."",\n    ""examples"": [\n      false\n    ],\n    ""title"": ""Expand Prompt""\n  },\n  ""first_pass_num_inference_steps"": {\n    ""default"": 8,\n    ""type"": ""integer"",\n    ""minimum"": 2,\n    ""title"": ""Number of Inference Steps"",\n    ""description"": ""Number of inference steps during the first pass."",\n    ""examples"": [\n      8\n    ],\n    ""maximum"": 12\n  },\n  ""num_frames"": {\n    ""default"": 121,\n    ""type"": ""integer"",\n    ""minimum"": 9,\n    ""title"": ""Number of Frames"",\n    ""description"": ""The number of frames in the video."",\n    ""examples"": [\n      121\n    ],\n    ""maximum"": 1441\n  },\n  ""image_url"": {\n    ""type"": ""string"",\n    ""description"": ""Image URL for Image-to-Video task"",\n    ""examples"": [\n      ""https://storage.googleapis.com/falserverless/example_inputs/ltxv-image-input.jpg""\n    ],\n    ""title"": ""Image URL""\n  },\n  ""reverse_video"": {\n    ""default"": false,\n    ""type"": ""boolean"",\n    ""description"": ""Whether to reverse the video."",\n    ""examples"": [\n      false\n    ],\n    ""title"": ""Reverse Video""\n  },\n  ""enable_safety_checker"": {\n    ""default"": true,\n    ""type"": ""boolean"",\n    ""description"": ""Whether to enable the safety checker."",\n    ""examples"": [\n      true\n    ],\n    ""title"": ""Enable Safety Checker""\n  },\n  ""second_pass_skip_initial_steps"": {\n    ""default"": 5,\n    ""type"": ""integer"",\n    ""minimum"": 1,\n    ""title"": ""Second Pass Skip Initial Steps"",\n    ""description"": ""The number of inference steps to skip in the initial steps of the second pass. By skipping some steps at the beginning, the second pass can focus on smaller details instead of larger changes."",\n    ""examples"": [\n      5\n    ],\n    ""maximum"": 11\n  },\n  ""tone_map_compression_ratio"": {\n    ""type"": ""number"",\n    ""default"": 0,\n    ""multipleOf"": 0.05,\n    ""minimum"": 0,\n    ""title"": ""Tone Map Compression Ratio"",\n    ""description"": ""The compression ratio for tone mapping. This is used to compress the dynamic range of the video to improve visual quality. A value of 0.0 means no compression, while a value of 1.0 means maximum compression."",\n    ""examples"": [\n      0\n    ],\n    ""maximum"": 1\n  },\n  ""temporal_adain_factor"": {\n    ""type"": ""number"",\n    ""default"": 0.5,\n    ""multipleOf"": 0.05,\n    ""minimum"": 0,\n    ""title"": ""Temporal AdaIN Factor"",\n    ""description"": ""The factor for adaptive instance normalization (AdaIN) applied to generated video chunks after the first. This can help deal with a gradual increase in saturation/contrast in the generated video by normalizing the color distribution across the video. A high value will ensure the color distribution is more consistent across the video, while a low value will allow for more variation in color distribution."",\n    ""examples"": [\n      0.5\n    ],\n    ""maximum"": 1\n  },\n  ""frame_rate"": {\n    ""default"": 24,\n    ""type"": ""integer"",\n    ""minimum"": 1,\n    ""title"": ""Frame Rate"",\n    ""description"": ""The frame rate of the video."",\n    ""examples"": [\n      24\n    ],\n    ""maximum"": 60\n  },\n  ""aspect_ratio"": {\n    ""default"": ""auto"",\n    ""type"": ""string"",\n    ""enum"": [\n      ""9:16"",\n      ""1:1"",\n      ""16:9"",\n      ""auto""\n    ],\n    ""description"": ""The aspect ratio of the video."",\n    ""examples"": [\n      ""auto""\n    ],\n    ""title"": ""Aspect Ratio""\n  },\n  ""seed"": {\n    ""anyOf"": [\n      {\n        ""type"": ""integer""\n      },\n      {\n        ""type"": ""null""\n      }\n    ],\n    ""description"": ""Random seed for generation"",\n    ""title"": ""Seed""\n  },\n  ""enable_detail_pass"": {\n    ""default"": false,\n    ""type"": ""boolean"",\n    ""description"": ""Whether to use a detail pass. If True, the model will perform a second pass to refine the video and enhance details. This incurs a 2.0x cost multiplier on the base price."",\n    ""examples"": [\n      false\n    ],\n    ""title"": ""Enable Detail Pass""\n  },\n  ""constant_rate_factor"": {\n    ""default"": 29,\n    ""type"": ""integer"",\n    ""minimum"": 0,\n    ""title"": ""Constant Rate Factor"",\n    ""description"": ""The constant rate factor (CRF) to compress input media with. Compressed input media more closely matches the model's training data, which can improve motion quality."",\n    ""examples"": [\n      29\n    ],\n    ""maximum"": 51\n  },\n  ""second_pass_num_inference_steps"": {\n    ""default"": 8,\n    ""type"": ""integer"",\n    ""minimum"": 2,\n    ""title"": ""Second Pass Number of Inference Steps"",\n    ""description"": ""Number of inference steps during the second pass."",\n    ""examples"": [\n      8\n    ],\n    ""maximum"": 12\n  }\n}","Your request will cost $0.02 per second, billed at 24 frames per second. For $1 you can generate 50 seconds of video. Enabling detail_pass will double the billed seconds."
fal-ai/vidu/q2/image-to-video/turbo,Vidu,Use the latest Vidu Q2 models which much more better quality and control on your videos.,ViduQ2ImageToVideoTurboInput,"{\n  ""duration"": {\n    ""title"": ""Duration"",\n    ""description"": ""Duration of the video in seconds"",\n    ""default"": 4,\n    ""enum"": [\n      2,\n      3,\n      4,\n      5,\n      6,\n      7,\n      8\n    ],\n    ""type"": ""integer""\n  },\n  ""resolution"": {\n    ""title"": ""Resolution"",\n    ""description"": ""Output video resolution"",\n    ""default"": ""720p"",\n    ""enum"": [\n      ""720p"",\n      ""1080p""\n    ],\n    ""type"": ""string""\n  },\n  ""bgm"": {\n    ""title"": ""Bgm"",\n    ""description"": ""Whether to add background music to the video (only for 4-second videos)"",\n    ""default"": false,\n    ""type"": ""boolean""\n  },\n  ""end_image_url"": {\n    ""title"": ""End Image Url"",\n    ""description"": ""URL of the image to use as the ending frame. When provided, generates a transition video between start and end frames."",\n    ""anyOf"": [\n      {\n        ""type"": ""string""\n      },\n      {\n        ""type"": ""null""\n      }\n    ]\n  },\n  ""image_url"": {\n    ""title"": ""Image Url"",\n    ""description"": ""URL of the image to use as the starting frame"",\n    ""examples"": [\n      ""https://storage.googleapis.com/falserverless/web-examples/vidu/stylish_woman.webp""\n    ],\n    ""type"": ""string""\n  },\n  ""prompt"": {\n    ""title"": ""Prompt"",\n    ""maxLength"": 3000,\n    ""examples"": [\n      ""A woman walking through a vibrant city street at night, neon lights reflecting off wet pavement.""\n    ],\n    ""description"": ""Text prompt for video generation, max 3000 characters"",\n    ""type"": ""string""\n  },\n  ""seed"": {\n    ""title"": ""Seed"",\n    ""description"": ""Random seed for reproducibility. If None, a random seed is chosen."",\n    ""anyOf"": [\n      {\n        ""type"": ""integer""\n      },\n      {\n        ""type"": ""null""\n      }\n    ]\n  },\n  ""movement_amplitude"": {\n    ""title"": ""Movement Amplitude"",\n    ""description"": ""The movement amplitude of objects in the frame"",\n    ""default"": ""auto"",\n    ""enum"": [\n      ""auto"",\n      ""small"",\n      ""medium"",\n      ""large""\n    ],\n    ""type"": ""string""\n  }\n}",For 720 p each video second will cost 0.05 $. For 1080 p each request will cost 0.2 $ along with 0.05 $ for every video second.
fal-ai/vidu/q2/image-to-video/pro,Vidu,Use the latest Vidu Q2 models which much more better quality and control on your videos.,ViduQ2ImageToVideoProInput,"{\n  ""duration"": {\n    ""title"": ""Duration"",\n    ""description"": ""Duration of the video in seconds"",\n    ""default"": 4,\n    ""enum"": [\n      2,\n      3,\n      4,\n      5,\n      6,\n      7,\n      8\n    ],\n    ""type"": ""integer""\n  },\n  ""resolution"": {\n    ""title"": ""Resolution"",\n    ""description"": ""Output video resolution"",\n    ""default"": ""720p"",\n    ""enum"": [\n      ""720p"",\n      ""1080p""\n    ],\n    ""type"": ""string""\n  },\n  ""bgm"": {\n    ""title"": ""Bgm"",\n    ""description"": ""Whether to add background music to the video (only for 4-second videos)"",\n    ""default"": false,\n    ""type"": ""boolean""\n  },\n  ""end_image_url"": {\n    ""title"": ""End Image Url"",\n    ""description"": ""URL of the image to use as the ending frame. When provided, generates a transition video between start and end frames."",\n    ""anyOf"": [\n      {\n        ""type"": ""string""\n      },\n      {\n        ""type"": ""null""\n      }\n    ]\n  },\n  ""image_url"": {\n    ""title"": ""Image Url"",\n    ""description"": ""URL of the image to use as the starting frame"",\n    ""examples"": [\n      ""https://storage.googleapis.com/falserverless/web-examples/vidu/stylish_woman.webp""\n    ],\n    ""type"": ""string""\n  },\n  ""prompt"": {\n    ""title"": ""Prompt"",\n    ""maxLength"": 3000,\n    ""examples"": [\n      ""A woman walking through a vibrant city street at night, neon lights reflecting off wet pavement.""\n    ],\n    ""description"": ""Text prompt for video generation, max 3000 characters"",\n    ""type"": ""string""\n  },\n  ""seed"": {\n    ""title"": ""Seed"",\n    ""description"": ""Random seed for reproducibility. If None, a random seed is chosen."",\n    ""anyOf"": [\n      {\n        ""type"": ""integer""\n      },\n      {\n        ""type"": ""null""\n      }\n    ]\n  },\n  ""movement_amplitude"": {\n    ""title"": ""Movement Amplitude"",\n    ""description"": ""The movement amplitude of objects in the frame"",\n    ""default"": ""auto"",\n    ""enum"": [\n      ""auto"",\n      ""small"",\n      ""medium"",\n      ""large""\n    ],\n    ""type"": ""string""\n  }\n}",For 720 p your video request would cost 0.1 $ along with a 0.05 $ for every video second. For 1080 p each request will cost 0.3 $ along with 0.1 $ for every video second.
fal-ai/ltx-video-13b-dev/image-to-video,LTX Video-0.9.7 13B,Generate videos from prompts and images using LTX Video-0.9.7 13B and custom LoRA,LtxVideo13bDevImageToVideoInput,"{\n  ""resolution"": {\n    ""type"": ""string"",\n    ""description"": ""Resolution of the generated video."",\n    ""title"": ""Resolution"",\n    ""examples"": [\n      ""720p""\n    ],\n    ""default"": ""720p"",\n    ""enum"": [\n      ""480p"",\n      ""720p""\n    ]\n  },\n  ""reverse_video"": {\n    ""type"": ""boolean"",\n    ""description"": ""Whether to reverse the video."",\n    ""title"": ""Reverse Video"",\n    ""examples"": [\n      false\n    ],\n    ""default"": false\n  },\n  ""num_frames"": {\n    ""minimum"": 9,\n    ""description"": ""The number of frames in the video."",\n    ""title"": ""Number of Frames"",\n    ""examples"": [\n      121\n    ],\n    ""maximum"": 1441,\n    ""type"": ""integer"",\n    ""default"": 121\n  },\n  ""tone_map_compression_ratio"": {\n    ""type"": ""number"",\n    ""multipleOf"": 0.05,\n    ""title"": ""Tone Map Compression Ratio"",\n    ""examples"": [\n      0\n    ],\n    ""minimum"": 0,\n    ""description"": ""The compression ratio for tone mapping. This is used to compress the dynamic range of the video to improve visual quality. A value of 0.0 means no compression, while a value of 1.0 means maximum compression."",\n    ""default"": 0,\n    ""maximum"": 1\n  },\n  ""frame_rate"": {\n    ""minimum"": 1,\n    ""description"": ""The frame rate of the video."",\n    ""title"": ""Frame Rate"",\n    ""examples"": [\n      24\n    ],\n    ""maximum"": 60,\n    ""type"": ""integer"",\n    ""default"": 24\n  },\n  ""second_pass_num_inference_steps"": {\n    ""minimum"": 2,\n    ""description"": ""Number of inference steps during the second pass."",\n    ""title"": ""Second Pass Number of Inference Steps"",\n    ""examples"": [\n      30\n    ],\n    ""maximum"": 50,\n    ""type"": ""integer"",\n    ""default"": 30\n  },\n  ""second_pass_skip_initial_steps"": {\n    ""minimum"": 0,\n    ""description"": ""The number of inference steps to skip in the initial steps of the second pass. By skipping some steps at the beginning, the second pass can focus on smaller details instead of larger changes."",\n    ""title"": ""Second Pass Skip Initial Steps"",\n    ""default"": 17,\n    ""maximum"": 49,\n    ""type"": ""integer""\n  },\n  ""seed"": {\n    ""description"": ""Random seed for generation"",\n    ""title"": ""Seed"",\n    ""anyOf"": [\n      {\n        ""type"": ""integer""\n      },\n      {\n        ""type"": ""null""\n      }\n    ]\n  },\n  ""temporal_adain_factor"": {\n    ""type"": ""number"",\n    ""multipleOf"": 0.05,\n    ""title"": ""Temporal AdaIN Factor"",\n    ""examples"": [\n      0.5\n    ],\n    ""minimum"": 0,\n    ""description"": ""The factor for adaptive instance normalization (AdaIN) applied to generated video chunks after the first. This can help deal with a gradual increase in saturation/contrast in the generated video by normalizing the color distribution across the video. A high value will ensure the color distribution is more consistent across the video, while a low value will allow for more variation in color distribution."",\n    ""default"": 0.5,\n    ""maximum"": 1\n  },\n  ""constant_rate_factor"": {\n    ""minimum"": 0,\n    ""description"": ""The constant rate factor (CRF) to compress input media with. Compressed input media more closely matches the model's training data, which can improve motion quality."",\n    ""title"": ""Constant Rate Factor"",\n    ""examples"": [\n      29\n    ],\n    ""maximum"": 51,\n    ""type"": ""integer"",\n    ""default"": 29\n  },\n  ""expand_prompt"": {\n    ""type"": ""boolean"",\n    ""description"": ""Whether to expand the prompt using a language model."",\n    ""title"": ""Expand Prompt"",\n    ""examples"": [\n      false\n    ],\n    ""default"": false\n  },\n  ""first_pass_num_inference_steps"": {\n    ""minimum"": 2,\n    ""description"": ""Number of inference steps during the first pass."",\n    ""title"": ""Number of Inference Steps"",\n    ""examples"": [\n      30\n    ],\n    ""maximum"": 50,\n    ""type"": ""integer"",\n    ""default"": 30\n  },\n  ""image_url"": {\n    ""type"": ""string"",\n    ""description"": ""Image URL for Image-to-Video task"",\n    ""title"": ""Image URL"",\n    ""examples"": [\n      ""https://storage.googleapis.com/falserverless/example_inputs/ltxv-image-input.jpg""\n    ]\n  },\n  ""enable_safety_checker"": {\n    ""type"": ""boolean"",\n    ""description"": ""Whether to enable the safety checker."",\n    ""title"": ""Enable Safety Checker"",\n    ""examples"": [\n      true\n    ],\n    ""default"": true\n  },\n  ""enable_detail_pass"": {\n    ""type"": ""boolean"",\n    ""description"": ""Whether to use a detail pass. If True, the model will perform a second pass to refine the video and enhance details. This incurs a 2.0x cost multiplier on the base price."",\n    ""title"": ""Enable Detail Pass"",\n    ""examples"": [\n      false\n    ],\n    ""default"": false\n  },\n  ""prompt"": {\n    ""type"": ""string"",\n    ""description"": ""Text prompt to guide generation"",\n    ""title"": ""Prompt"",\n    ""examples"": [\n      ""The astronaut gets up and walks away""\n    ]\n  },\n  ""loras"": {\n    ""type"": ""array"",\n    ""items"": {\n      ""$ref"": ""#/components/schemas/LoRAWeight""\n    },\n    ""title"": ""Loras"",\n    ""default"": [],\n    ""description"": ""LoRA weights to use for generation""\n  },\n  ""negative_prompt"": {\n    ""type"": ""string"",\n    ""description"": ""Negative prompt for generation"",\n    ""title"": ""Negative Prompt"",\n    ""default"": ""worst quality, inconsistent motion, blurry, jittery, distorted""\n  },\n  ""aspect_ratio"": {\n    ""type"": ""string"",\n    ""description"": ""The aspect ratio of the video."",\n    ""title"": ""Aspect Ratio"",\n    ""examples"": [\n      ""auto""\n    ],\n    ""default"": ""auto"",\n    ""enum"": [\n      ""9:16"",\n      ""1:1"",\n      ""16:9"",\n      ""auto""\n    ]\n  }\n}",Your request will cost $0.20 per video. For $1 you can run this model approximately 5 times.
